<?xml version="1.0" encoding="UTF-8"?>
<project-private xmlns="http://www.netbeans.org/ns/project-private/1">
    <editor-bookmarks xmlns="http://www.netbeans.org/ns/editor-bookmarks/2" lastBookmarkId="0"/>
    <open-files xmlns="http://www.netbeans.org/ns/projectui-open-files/2">
        <group>
            <file>file:/C:/Users/Rakshitha/OneDrive/Documents/NetBeansProjects/ProjectAssign1/src/Windows/SecondWindowfxml.fxml</file>
            <file>file:/C:/Users/Rakshitha/OneDrive/Documents/NetBeansProjects/ProjectAssign1/src/Windows/FirstwindowfxmlController.java</file>
            <file>file:/C:/Users/Rakshitha/OneDrive/Documents/NetBeansProjects/ProjectAssign1/src/Windows/firsrwin.java</file>
            <file>file:/C:/Users/Rakshitha/OneDrive/Documents/NetBeansProjects/ProjectAssign1/src/Windows/SecondWindowfxmlController.java</file>
        </group>
    </open-files>
</project-private>
